"77544725950","09155759800","ایرانسل"
"89489374040","09787148316","ایرانسل"
"53852970623","09486769189","ایرانسل"
"78132631313","09242664028","همراه اول"
"35906781337","09414266500","ایرانسل"
"47515815408","09946764570","ایرانسل"
"31876830391","09709334766","رایتل"
"46868635368","09496664379","ایرانسل"
"38465622758","09739119312","ایرانسل"
"81829153760","09424724717","رایتل"
"20421747371","09111855728","همراه اول"
"89111910196","09622287796","رایتل"
"49444050786","09901482757","ایرانسل"
"21315319061","09991542084","همراه اول"
"90477191975","09245448781","رایتل"
"58182359168","09138576538","ایرانسل"
"67934928652","09676239303","رایتل"
"40710854608","09296743049","ایرانسل"
"88999646911","09701867775","رایتل"
"94481623211","09485453243","رایتل"
"78106652139","09941848870","ایرانسل"
"75575894643","09159058434","همراه اول"
"89189330471","09368018914","رایتل"
"26209475402","09221937249","ایرانسل"
"38602056491","09858919816","رایتل"
"56003034916","09956919574","ایرانسل"
"72639553380","09728977791","همراه اول"
"47786979049","09532267559","ایرانسل"
"20580426949","09314982911","ایرانسل"
"83505011623","09607560019","همراه اول"
"15663639370","09158326195","همراه اول"
"11857134636","09208403886","رایتل"
"31225030440","09873497994","رایتل"
"34940124807","09673743186","همراه اول"
"40727932320","09345758953","همراه اول"
"91292880953","09171930031","رایتل"
"91220466303","09132093190","همراه اول"
"36600397559","09709003200","ایرانسل"
"91162750689","09227513392","ایرانسل"
"53678864142","09117569926","همراه اول"
"85478559442","09176813672","ایرانسل"
"86417096553","09262720817","رایتل"
"42280620712","09671632302","همراه اول"
"12221817893","09363596631","رایتل"
"57910823313","09618752138","رایتل"
"61966063191","09829795037","رایتل"
